codon,H_avg,W_avg
AAA,1.179346237,1.150350839
AAC,0.689405758,0.796890048
AAG,0.720653763,0.849649161
AAT,1.210594242,1.203109952
ACA,1.150679443,1.077240332
ACC,0.83776078,1.069481822
ACG,0.673293649,0.780713387
ACT,0.938266128,1.072564459
AGA,1.778318205,1.693325847
AGC,0.96818621,1.20898286
AGG,0.507172717,0.367126467
AGT,1.086841288,1.087036306
ATA,0.585059972,0.474403193
ATC,0.833237713,1.132054005
ATT,1.281702315,1.393542803
CAA,1.041512193,0.925382536
CAC,0.598604825,0.741589738
CAG,0.958487807,1.074617464
CAT,1.301395175,1.258410262
CCA,1.29888216,1.135345324
CCC,0.571296445,0.538936091
CCG,1.053273394,1.261818787
CCT,1.076548001,1.063899798
CGA,0.430022913,0.448881435
CGC,0.986722875,1.272168474
CGG,0.625408443,0.86148967
CGT,1.372354847,1.357008107
CTA,0.381686816,0.316479087
CTC,0.589583559,0.566961347
CTG,1.282878998,1.616303516
CTT,1.185274812,1.039223537
GAA,1.361192078,1.45151531
GAC,0.537379868,0.710822663
GAG,0.638807922,0.54848469
GAT,1.262620132,1.289177337
GCA,1.149347037,1.189525464
GCC,0.718569634,1.016199864
GCG,0.708626814,0.58657508
GCT,1.023456516,1.207699593
GGA,1.188096869,1.182503305
GGC,0.966332958,1.203221142
GGG,0.513445379,0.494775074
GGT,1.132124794,1.119500479
GTA,0.984314149,1.039441228
GTC,0.651995779,0.836113925
GTG,0.92002608,0.840102584
GTT,1.243663992,1.284342264
TAA,1.752956493,1.830958989
TAC,0.605903955,0.705079202
TAG,0.543941005,0.622962704
TAT,1.394096045,1.294920799
TCA,1.104935573,0.990595989
TCC,0.749957331,1.002778514
TCG,0.497226896,0.565756099
TCT,0.992852702,1.144850232
TGA,0.553102502,0.546078307
TGC,0.764068173,0.956631945
TGT,1.035931827,1.043368055
TTA,1.840873126,1.278574154
TTC,0.602762833,0.741517375
TTG,0.719702688,1.182458359
TTT,1.197237167,1.258482625
